﻿{
  "configurations": [
    {
      "name": "x64-Clang-Release",
      "generator": "Ninja",
      "configurationType": "Release",
      "buildRoot": "${projectDir}\\Build\\${name}",
      "installRoot": "${projectDir}\\Install\\${name}",
      "cmakeCommandArgs": "",
      "buildCommandArgs": "",
      "ctestCommandArgs": "",
      "inheritEnvironments": [ "clang_cl_x64_x64" ]
    },
    {
      "name": "x64-Clang-Debug",
      "generator": "Ninja",
      "configurationType": "Debug",
      "buildRoot": "${projectDir}\\Build\\${name}",
      "installRoot": "${projectDir}\\Install\\${name}",
      "cmakeCommandArgs": "",
      "buildCommandArgs": "",
      "ctestCommandArgs": "",
      "inheritEnvironments": [ "clang_cl_x64_x64" ]
    },
    {
      "name": "x64-Clang-RelWithDebInfo",
      "generator": "Ninja",
      "configurationType": "RelWithDebInfo",
      "buildRoot": "${projectDir}\\Build\\${name}",
      "installRoot": "${projectDir}\\Install\\${name}",
      "cmakeCommandArgs": "",
      "buildCommandArgs": "",
      "ctestCommandArgs": "",
      "inheritEnvironments": [ "clang_cl_x64_x64" ]
    }
  ]
}